{
  "total_hosp": {
    "0.75": {
      "best": 5011.211510178687,
      "ws": [
        0.0,
        1.0,
        0.0
      ]
    },
    "1.0": {
      "best": 10839.239700364797,
      "ws": [
        0.0,
        1.0,
        0.0
      ]
    },
    "1.25": {
      "best": 36961.61004250693,
      "ws": [
        0.4,
        0.6,
        0.0
      ]
    },
    "1.5": {
      "best": 129471.2582563732,
      "ws": [
        0.8,
        0.19999999999999996,
        0.0
      ]
    },
    "2.0": {
      "best": 427096.5063517076,
      "ws": [
        1,
        0,
        0
      ]
    }
  },
  "infectious": {
    "0.75": {
      "best": 91593.7849932394,
      "ws": [
        0.0,
        1.0,
        0.0
      ]
    },
    "1.0": {
      "best": 233160.88828965803,
      "ws": [
        0.0,
        1.0,
        0.0
      ]
    },
    "1.25": {
      "best": 957422.0852495555,
      "ws": [
        0.0,
        1.0,
        0.0
      ]
    },
    "1.5": {
      "best": 3344329.9683125564,
      "ws": [
        0.8,
        0.19999999999999996,
        0.0
      ]
    },
    "2.0": {
      "best": 8645530.232222792,
      "ws": [
        1,
        0,
        0
      ]
    }
  },
  "deaths_inc": {
    "0.75": {
      "best": 103.2996350652798,
      "ws": [
        0.0,
        1.0,
        0.0
      ]
    },
    "1.0": {
      "best": 185.66033183393085,
      "ws": [
        0.0,
        1.0,
        0.0
      ]
    },
    "1.25": {
      "best": 604.3222248122063,
      "ws": [
        0.2,
        0.8,
        0.0
      ]
    },
    "1.5": {
      "best": 2282.4183645438534,
      "ws": [
        0.8,
        0.19999999999999996,
        0.0
      ]
    },
    "2.0": {
      "best": 8633.46537765527,
      "ws": [
        1,
        0,
        0
      ]
    }
  },
  "hosp_inc": {
    "0.75": {
      "best": 778.1308828237081,
      "ws": [
        0.0,
        1.0,
        0.0
      ]
    },
    "1.0": {
      "best": 1926.4443390346114,
      "ws": [
        0.0,
        1.0,
        0.0
      ]
    },
    "1.25": {
      "best": 7200.331720522534,
      "ws": [
        0.5,
        0.5,
        0.0
      ]
    },
    "1.5": {
      "best": 25771.910616023095,
      "ws": [
        0.8,
        0.19999999999999996,
        0.0
      ]
    },
    "2.0": {
      "best": 82952.09602692339,
      "ws": [
        1,
        0,
        0
      ]
    }
  },
  "infections": {
    "0.75": {
      "best": 18990.974298283923,
      "ws": [
        0.0,
        1.0,
        0.0
      ]
    },
    "1.0": {
      "best": 54629.62315973788,
      "ws": [
        0.0,
        1.0,
        0.0
      ]
    },
    "1.25": {
      "best": 240648.81042539663,
      "ws": [
        0.0,
        1.0,
        0.0
      ]
    },
    "1.5": {
      "best": 842199.5342488063,
      "ws": [
        0.8,
        0.19999999999999996,
        0.0
      ]
    },
    "2.0": {
      "best": 2157945.189499287,
      "ws": [
        1,
        0,
        0
      ]
    }
  }
}