{
  "total_hosp": {
    "1.0": {
      "best": 10401.997079208395,
      "ws": [
        0.0,
        1.0,
        0.0
      ]
    },
    "1.25": {
      "best": 35274.43264882971,
      "ws": [
        0.4,
        0.6,
        0.0
      ]
    },
    "1.5": {
      "best": 123881.91843913394,
      "ws": [
        0.8,
        0.19999999999999996,
        0.0
      ]
    },
    "2.0": {
      "best": 396413.82797469525,
      "ws": [
        0.9,
        0.09999999999999998,
        0.0
      ]
    }
  },
  "infections": {
    "1.0": {
      "best": 230682.0764795157,
      "ws": [
        0.0,
        1.0,
        0.0
      ]
    },
    "1.25": {
      "best": 979454.7321017416,
      "ws": [
        0.0,
        1.0,
        0.0
      ]
    },
    "1.5": {
      "best": 3591903.6305485354,
      "ws": [
        0.0,
        1.0,
        0.0
      ]
    },
    "2.0": {
      "best": 9061418.252942096,
      "ws": [
        0.0,
        1.0,
        0.0
      ]
    }
  },
  "deaths_inc": {
    "1.0": {
      "best": 139.125521760474,
      "ws": [
        0.2,
        0.8,
        0.0
      ]
    },
    "1.25": {
      "best": 347.1109819429865,
      "ws": [
        0.30000000000000004,
        0.7,
        0.0
      ]
    },
    "1.5": {
      "best": 1171.8609517916577,
      "ws": [
        0.8,
        0.19999999999999996,
        0.0
      ]
    },
    "2.0": {
      "best": 4244.524486927433,
      "ws": [
        0.9,
        0.09999999999999998,
        0.0
      ]
    }
  },
  "hosp_inc": {
    "1.0": {
      "best": 1844.4887937016106,
      "ws": [
        0.0,
        1.0,
        0.0
      ]
    },
    "1.25": {
      "best": 6902.070217206843,
      "ws": [
        0.4,
        0.6,
        0.0
      ]
    },
    "1.5": {
      "best": 24795.61213925746,
      "ws": [
        0.8,
        0.19999999999999996,
        0.0
      ]
    },
    "2.0": {
      "best": 77416.13274709003,
      "ws": [
        0.9,
        0.09999999999999998,
        0.0
      ]
    }
  }
}